ISO3,Name,1995,1996,1997,1998,1999,2000,2001,2002,2003,2004,2005,2006,2007,2008,2009,2010,2011,2012,2013,2014,2015,2016,2017
AFG,Afghanistan,28.23083998,28.25735241,28.35643289,28.55496205,28.59784238,28.64313041,29.08540184,29.5968491,29.99961832,29.83679431,29.60416493,28.91809989,28.96772014,29.68064296,29.9808642,30.80066201,30.7787574,31.68854423,31.49579169,32.31576875,32.15456772,31.540557,31.43267493
ALB,Albania,43.17682095,43.47553833,43.2928661,43.08236372,42.46408624,42.44396054,42.85277046,43.39855397,43.42966018,43.99741471,44.02982767,44.51161453,44.91798317,45.63340133,48.94205444,49.8144175,49.85715051,49.92049434,50.32627495,50.85541373,51.46124032,50.73825485,50.62127307
DZA,Algeria,42.32773429,42.50200651,42.50665651,42.54001711,42.80709503,43.06677934,43.24954091,43.45409781,43.81949252,44.38514788,45.19141527,45.12560429,44.87867951,44.96276571,44.77666699,44.75015282,44.49169838,44.3640117,44.73053843,44.53372391,44.71797322,44.908591,45.23000238
AND,Andorra,,,,,,,,,,,,,,,,,,,,,,,
AGO,Angola,29.65199908,29.68835903,29.01269508,28.99713054,29.30854811,29.33468285,29.86829422,30.57264864,31.7208642,31.86715998,32.39351375,33.26942614,33.57182471,33.92245701,34.21237984,34.40512262,34.52648203,35.09017877,35.23472099,35.18434355,35.2575276,35.42061444,35.41904212
ATG,Antigua and Barbuda,48.48177775,48.55578033,48.74713215,48.88033164,49.02298171,49.20750031,49.2637977,49.51397204,49.77148408,49.91958979,49.65733421,50.10142595,49.99146338,50.38561176,50.62887127,50.44049503,49.89633876,50.71968107,50.41931542,48.00726808,48.38752572,48.04800718,47.40922147
ARG,Argentina,50.3246466,50.47133836,50.32208644,50.21533869,50.25190996,50.38303932,49.141863,48.16336885,48.73530361,48.62211229,50.1911153,50.58746471,50.96292886,50.52900523,50.34949606,50.71910238,51.02186163,50.53000155,50.09339831,50.12675131,50.30605994,51.65330087,51.94404596
ARM,Armenia,48.43170404,48.4083731,48.16088497,48.78582509,48.7592044,49.21863827,49.15384157,50.50565838,51.30545336,50.79932008,50.795638,50.88932532,51.10122256,52.47219671,52.14973808,52.66521113,52.05377433,51.92585522,53.16768957,53.37336212,53.61071497,53.74396077,53.75303555
AUS,Australia,67.81495792,67.94675865,68.16514757,68.43680971,68.7635691,69.22832809,69.54898455,69.50467018,69.80003166,70.1466315,70.14406207,70.44925262,70.52411568,70.64990971,70.22614161,70.50154117,70.80225745,70.99106452,71.43143257,71.07879123,70.90773944,71.15549288,70.9682911
AUT,Austria,68.09945691,68.59259093,68.78179417,68.94521759,69.1669749,69.37445274,69.77588244,70.11535623,69.99356276,70.20921731,70.24940024,70.35495029,70.68541172,70.34887588,69.38119684,69.17057324,69.22869933,69.39204195,69.78259953,70.33108309,70.42643743,70.35806219,70.46835231
AZE,Azerbaijan,41.60492045,41.57269415,41.87249222,42.16092814,42.27796531,42.11463763,42.85651381,45.04454276,45.42453978,45.63672239,45.95872421,45.45793149,45.63339573,45.58331006,48.01697151,48.81400815,48.81237203,48.88079298,49.89689691,50.11135978,50.60712041,50.94785532,50.97030958
BHS,Bahamas,53.15794599,53.17501681,53.47806435,53.71935513,53.94227577,54.20118024,54.4015355,54.7513778,54.67306162,54.81514682,54.79059338,54.46771494,54.60011762,54.73924553,54.26044549,53.94672417,54.10693208,54.31049818,53.759411,53.36371094,53.06799621,52.84141331,52.73563687
BHR,Bahrain,47.78453979,47.92418009,48.17982061,48.46250334,48.6908934,48.91251505,49.62134253,50.33114246,50.06816454,50.07739126,49.60679423,49.0762466,49.67337295,50.1399712,50.48557837,50.02840207,50.23002866,49.76463121,49.22848374,49.3954908,49.2655557,49.18558448,48.68586513
BGD,Bangladesh,33.78677184,33.89087343,33.82195386,34.54482871,34.32661912,34.17661948,34.17845687,33.95427653,33.89995534,33.58129481,33.80047975,34.49914673,34.73223067,34.63546777,34.77644782,34.8378179,35.4329815,35.1408027,34.56396094,34.97992289,34.99444258,35.45168035,35.51607616
BRB,Barbados,52.58279897,52.58807333,52.809357,53.05628213,53.15474869,53.66958897,53.75538444,54.18612265,54.82929894,55.03325716,55.2918346,55.14206961,55.7503959,55.77082711,55.62192365,55.49664756,56.14073829,55.93168748,56.07858329,55.13238655,55.34460261,54.56767381,54.60579269
BLR,Belarus,48.36209654,48.72835957,48.58369919,48.72332369,48.89873501,48.9675366,49.01466179,48.98456189,50.32323145,50.3021107,50.70393864,50.53382406,51.42121589,52.48855289,54.48947229,55.74410467,56.4925208,57.8060771,57.78830218,57.3362439,57.25480272,57.35020262,57.36076127
BEL,Belgium,60.77053025,61.02772158,60.97897083,60.62674268,60.76102904,61.21289543,61.42058767,61.83869114,61.46644449,61.47918459,61.75178891,61.73109723,61.75540258,62.02214656,62.30364406,62.28588313,62.37640459,62.51058233,62.5998363,62.01200283,61.99137768,61.98782706,61.71952641
BLZ,Belize,42.61063339,43.08778446,42.9549046,43.38017247,43.26846973,43.3590676,43.49199836,43.64352744,44.08465077,43.49705412,43.77410649,43.63859492,43.42828246,43.3458125,43.57232219,43.29086113,42.92765036,43.45279265,43.41827638,42.5415726,42.63332065,42.41904298,42.33389887
BEN,Benin,34.68027255,35.01292422,34.7477638,34.95889141,35.03361593,34.87237034,34.84730234,34.75970507,35.06143993,34.81674354,34.4233601,34.86341359,35.11592592,34.81584122,34.47968781,34.34753619,34.63685101,34.98941247,34.96991915,35.50465779,36.23266159,35.60240697,35.65632589
BTN,Bhutan,39.92708893,39.97095485,40.12454222,40.48367272,40.64551838,41.01410666,41.15059805,40.84227348,42.49166111,42.28343319,43.11553293,43.26362515,43.37411891,43.39284206,43.76566888,43.18773405,43.56276925,44.00958805,44.22732762,45.44974017,45.51010579,45.69379904,46.52780189
BOL,"Bolivia, Plurinational State of",37.60321209,37.91434644,38.00858447,38.42813037,38.17430857,38.0136173,38.41326687,37.97431991,38.1242979,38.76420381,37.74208148,38.26528577,38.98363256,39.23916873,39.31615231,40.01348258,40.69254244,40.39678758,40.88929858,40.46842012,40.26666737,40.27536002,40.3418603
BIH,Bosnia and Herzegovina,45.23886772,45.31741702,44.09550458,44.49186831,45.02853758,44.87296234,45.73551677,45.89517502,45.85589213,46.7501942,46.65829054,47.00536457,46.98191403,47.42025945,47.47925147,47.9489506,47.93058286,48.18861462,48.31761384,49.50130748,49.07381097,49.23403432,49.30087878
BWA,Botswana,43.88773446,44.05273332,44.36270159,44.69134204,44.95756558,45.15625096,45.13369353,45.23004889,46.04854551,45.62119583,45.91127877,45.77699315,45.65954369,45.56087254,46.36757029,46.70344865,46.74722194,47.07576326,47.4051957,47.71599057,47.722562,47.99814978,47.81977512
BRA,Brazil,46.95041297,46.98658749,47.16407279,47.32594609,47.64873726,48.02441719,48.22277016,48.59544568,48.6069456,48.35368157,48.44829955,48.83349135,49.80758093,50.10901899,50.85421808,51.20506235,50.73882223,50.54479704,50.36941402,50.93223994,50.625472,50.52657555,50.35216108
BRN,Brunei Darussalam,51.11564376,51.22115559,50.90523575,50.59066862,50.84932598,51.06604555,51.51118396,51.75627327,52.13531552,52.78533548,52.42732664,52.17445299,52.76160768,52.7526021,53.9076853,53.89485947,53.96193001,54.54324092,54.5336283,54.58746649,54.27718441,55.17632369,55.60943937
BGR,Bulgaria,51.40396852,51.86972009,53.04140285,53.05489361,52.98086173,52.625964,52.85907155,53.56551854,53.99819082,54.24751481,54.51933767,55.12642045,55.18476882,54.98936815,55.61003203,55.94556752,56.42305578,56.47039883,56.41436137,56.64228045,56.63326218,56.59799135,56.82044775
BFA,Burkina Faso,30.92725757,30.98036003,31.21835634,31.4703939,31.78183702,31.74938327,31.87031986,31.91177364,31.93860179,31.59142535,31.69041018,31.78456151,32.6940658,33.28498671,34.45786462,34.35194223,34.44427226,34.42787081,34.40889082,34.66170445,34.99643231,35.12803535,35.15883779
BDI,Burundi,29.16485697,28.69274049,28.68566067,28.66989804,29.00795237,29.55803536,29.80224937,29.9565912,29.91196651,29.42982602,30.41240681,31.43945416,31.34762273,31.28039701,31.15905926,30.52510089,30.242458,31.57208017,32.3756752,33.68413573,32.76657457,32.32828014,32.34333393
KHM,Cambodia,34.79723436,34.31678209,34.38985974,34.96495187,35.57243442,36.17353274,36.2147857,36.47832706,36.42790923,36.38644975,36.48080427,36.13498469,36.23563078,37.05985777,38.09664384,38.44922831,38.93024049,39.45371304,39.41869422,39.40309996,39.15763741,39.33243822,39.28139065
CMR,Cameroon,36.21900036,36.3894235,36.92888849,37.44053925,37.53651878,37.42417103,37.33064097,37.20045126,37.91295766,37.91621281,37.76060079,38.08226808,37.91470497,37.83704365,37.79466874,37.44887905,37.89079654,38.301024,38.84174905,38.79474873,39.21476449,39.22950259,39.14547333
CAN,Canada,67.81608953,67.89072872,67.99818258,67.84443504,68.19701568,68.49560149,68.56294774,68.56738944,68.49950435,69.16204284,69.29542049,69.99256744,69.75018024,69.7214338,69.77229785,69.21625295,69.61535948,69.36319747,69.28736859,69.28655242,68.96153914,68.93597867,68.83131816
CPV,Cape Verde,,,,,,,,,,,,,,,,,,,,,,,
CAF,Central African Republic,30.83689015,30.64933007,31.40897792,31.12535794,30.30818503,30.31220061,30.35408793,30.11506988,29.64181401,29.48176938,28.53842224,28.21090416,27.90057287,28.24063998,28.05723485,28.32800234,28.12468628,28.79084883,27.84120351,27.27212034,27.47977293,27.46585769,27.50685135
TCD,Chad,25.9949774,26.18504433,26.76793864,26.48208986,26.70578648,26.83616462,26.60839937,27.01161914,26.09799095,26.45503717,26.02477461,25.72390885,25.55360241,25.25776136,25.48716031,25.65020034,25.23821381,26.20459405,26.47319296,25.85510886,26.17118126,25.61710905,25.698878
CHL,Chile,57.13558137,57.27746069,57.10677264,56.96924718,57.51683634,58.12948349,58.66533941,59.3388047,59.02481584,59.0522089,59.80609113,59.65129933,60.04188528,60.23593842,60.0122539,60.20859716,60.95190863,61.94468131,61.95602215,62.17528195,61.93367068,61.54359834,61.2865308
CHN,China,45.27490602,45.51255271,45.56087132,45.58430691,45.70797894,46.00052322,45.98971229,46.08674307,45.90300798,46.29089879,46.68663062,47.35910391,48.76930395,49.89946865,50.86609669,51.81025848,52.06903162,51.93028286,52.30296463,52.6488416,53.33814124,53.54461547,53.95235418
COL,Colombia,43.12072663,43.28249195,43.51484971,43.77250916,43.95411864,44.0117275,44.28660909,44.54469419,44.53421185,44.92609129,45.80511121,46.10684498,46.43636069,46.72900639,47.06289451,48.05230242,48.99883342,48.93106419,49.11811531,49.75894934,50.50798488,50.63284346,50.66137689
COM,Comoros,37.3139143,37.41596619,37.22226775,37.16111227,36.97462744,37.02948384,37.65680276,37.91614132,36.99760491,37.24071912,37.48613086,38.35408588,37.86582534,37.75585099,37.51671367,37.62120949,37.69941572,38.17157703,38.29501431,39.10907707,39.03199892,39.28988719,39.23141842
COG,Congo,32.76913036,32.86753693,32.40615705,31.96352601,32.34375611,32.80997574,32.74335469,32.67387253,32.97307821,32.99699565,32.53797865,33.1471476,33.24051393,33.42790712,33.64428,33.85701366,33.56545097,33.77885669,34.1636511,34.83619702,34.89992649,34.95614737,34.68439642
COD,"Congo, the Democratic Republic of",26.35264772,26.39155571,26.01806486,26.06986424,26.0215821,26.0449207,25.90507855,25.89215906,25.48577659,25.56615092,25.73805439,25.63945629,25.89422188,25.80287053,26.01885513,26.21680924,26.87148293,26.88234414,26.90193673,27.58894217,29.21717533,29.52987768,29.60973538
CRI,Costa Rica,47.68210905,47.75353233,48.30044346,48.62091269,48.62767537,48.66232672,48.25982899,48.4440296,48.48034734,48.29035987,48.7065567,48.70214122,49.05852339,49.6083036,50.11768403,50.74051991,50.63631094,51.27521162,52.02215635,52.64336615,52.89311433,53.71407397,53.52232346
CIV,Cote d'Ivoire,36.56722991,36.44909202,36.21784247,35.94325218,35.12895789,34.26933906,34.05017888,33.70560649,33.16417918,32.75882195,32.8066271,33.02295922,33.17485233,33.00315953,33.43548885,33.08270193,33.24558862,34.21132658,35.02967651,36.85112838,37.83301517,37.92852025,37.85304515
HRV,Croatia,49.3513575,49.42821565,49.65424278,50.01566081,50.63133657,51.39850029,52.11150866,52.6114759,53.40043364,53.79797366,53.54997215,53.31682293,53.79870706,54.17791146,54.15829569,54.80498371,54.99340739,55.25755806,55.55117484,55.99231581,55.84951661,56.06007658,56.02523443
CUB,Cuba,41.3361057,41.24096632,41.09225489,40.99695424,41.73284773,42.0894901,42.30176589,42.50117731,42.51848571,43.98934573,45.1243956,47.0966092,48.37822793,49.11743726,48.72151417,47.47689059,46.51346007,45.5027078,44.47451693,44.51855925,44.73025258,45.24414124,45.46554254
CYP,Cyprus,53.87943608,54.03580386,54.07377354,54.05808349,54.26588847,54.44912919,54.60561562,54.92277018,55.60240282,55.33336598,55.56909495,55.90903824,56.00830072,57.11275525,57.22734219,57.18580366,56.97256142,57.92515325,57.74546567,57.9791012,58.07858092,57.91500583,58.03871764
CZE,Czech Republic,58.93391548,59.000557,58.85570013,58.85637857,58.37027367,57.98513627,58.81554992,59.60079606,59.98513273,59.87484515,60.32436312,60.99768241,61.27873219,61.61174947,61.1421285,61.43560898,62.05844144,62.04078836,62.55334715,63.34986426,63.70928506,63.33548137,63.65341224
DNK,Denmark,68.58214676,68.67959546,69.23101413,69.25819483,69.83686902,70.38122772,70.67945702,71.05980662,71.11571894,71.43922436,71.45697013,71.50519453,71.67281861,71.42382227,71.05099391,70.73819181,71.17081698,71.13014643,71.06778871,70.99543763,70.92300423,70.68304743,70.62977806
DJI,Djibouti,36.74014814,36.826882,36.51570409,36.29236395,36.54752466,36.80884299,36.91905271,36.9051825,37.27234028,38.09205713,37.13216233,37.18797612,37.5654962,38.02154536,38.51088941,38.40266432,38.32438024,38.30363745,37.69182172,38.13061512,38.51101221,38.39450875,38.92467151
DMA,Dominica,60.12353017,59.73063077,58.96022648,58.55682757,58.39761084,58.1291116,58.64825989,59.19119856,59.71044885,59.67303085,60.01046685,59.99760374,59.16181655,59.63805892,59.10905917,59.05785827,58.72791805,58.20801688,58.5764676,56.9950448,56.99087013,56.62996653,56.68790258
DOM,Dominican Republic,42.65634018,42.68520298,42.48960041,42.36114459,42.65641765,42.8611762,43.27420365,43.24657851,42.39040656,42.68037018,43.13025823,43.44933342,43.93843019,44.6733674,45.8468701,46.45724221,46.41959935,46.64928794,46.69052658,46.78894961,46.99694819,47.29529323,47.41471679
ECU,Ecuador,41.45687798,41.28647918,41.41118694,41.58337033,40.93542047,40.72968476,40.61683237,40.54516906,41.04569077,41.723603,41.87561832,41.83562116,41.87076095,42.14755553,42.32643096,42.74443425,43.10896583,43.3484883,43.5493935,43.70623541,43.9106404,44.48004587,44.66500394
EGY,Egypt,43.20094167,43.2148144,43.22188762,43.33823018,43.41202594,43.43958054,43.33414539,43.39029567,43.01582261,42.9700723,43.38274505,43.38858263,43.91325958,44.98422497,45.66535035,46.46484855,45.83406234,45.99675467,45.59403526,45.41257045,45.77227939,45.94391532,46.14030947
SLV,El Salvador,40.48814357,40.36966902,40.74188453,41.07512057,41.50877969,41.87632851,41.83315569,41.99663833,42.15456312,42.9777402,42.79093877,43.66560454,43.7949683,44.05532749,44.33036001,44.6361319,45.60179924,45.57334042,45.55853993,45.64945454,45.15605284,45.36427916,44.96528187
GNQ,Equatorial Guinea,36.7474923,36.89243358,36.48433259,35.5567336,35.46331508,36.11787013,35.94895793,35.82459835,37.18880388,37.11022906,37.06697864,37.54994326,37.67812166,37.68496669,37.77268318,37.86940875,37.59897183,37.62426208,37.29664851,36.68243469,36.5431789,36.25225534,36.25819126
ERI,Eritrea,29.14347624,28.94772858,30.29019799,30.12518524,29.78060713,29.57923576,29.31629697,29.20271705,28.32935547,28.03347325,27.71326662,27.47941687,27.03031078,27.07714042,26.81297369,26.51913905,26.56554385,26.77169118,26.27962309,26.52097527,26.10856637,26.12672849,26.26920382
EST,Estonia,57.46085498,57.84756062,58.02080628,57.86255878,57.99057551,58.71573615,59.0655947,59.50385413,59.6969124,60.05946619,60.30054749,61.14068737,61.32226572,61.70310896,62.08917057,62.22399369,62.14238308,61.51335839,61.85360902,62.9423852,62.59862746,62.42325347,62.37649044
ETH,Ethiopia,31.56121285,31.76154922,32.37313176,33.18897986,33.21346624,33.29881825,32.96605209,33.48677972,33.07864055,33.10925929,32.9102381,33.44000622,33.57571277,33.5645561,33.51329855,33.82340637,33.71502062,34.39785507,34.40805915,35.09871299,35.0694515,35.0399838,35.03895274
FJI,Fiji,48.32498417,48.59790888,48.49412198,48.2845643,47.2439568,46.60590187,47.12112608,47.85213732,48.12402578,47.98862119,48.33642795,49.56069641,49.48661157,49.11533097,48.12261421,48.07661185,48.70584431,48.38421189,47.81512653,48.31009637,48.27188704,48.49277168,48.77404701
FIN,Finland,71.13787273,71.22635773,71.51407885,71.92073811,72.2184324,72.3375481,72.52382086,72.78395513,72.8838522,72.85505248,72.88735034,73.0259246,72.99752749,73.07660584,72.87739343,72.87774347,72.98331772,73.03395668,72.75933475,72.58274657,72.05778769,71.93853006,71.95114157
FRA,France,63.84260372,64.04895179,64.09396473,64.05579369,64.33834263,64.47420156,64.41455141,64.36620439,64.37493496,64.83424941,65.50965508,65.97108011,66.70249999,66.80874064,66.66923031,67.17248948,66.9961717,66.61444724,66.26774681,66.74853135,66.61329675,66.45980544,66.63913653
GAB,Gabon,41.5416625,41.81732404,42.19904724,42.56144964,42.76374262,43.05713098,43.14548903,43.30620101,43.18738242,42.89991019,43.38783057,42.75439432,42.40766631,42.11067137,41.92228799,42.35279503,42.58873702,43.03797163,42.83748306,43.01514212,42.84945949,42.43746915,42.35298221
GMB,Gambia,40.64357243,40.46834725,40.43204769,40.10172864,39.447419,39.26857652,39.2948127,39.0491844,39.27562106,38.08702112,38.02250055,38.17478859,38.97929595,38.58818426,38.93552973,38.37439805,38.43017572,38.20359819,38.10230869,37.88784048,38.07047482,37.691734,38.33010393
GEO,Georgia,43.63518292,43.71260806,43.86423566,44.37978507,44.69181442,45.16091817,44.60823574,43.89888079,44.88898637,46.10128201,46.65489774,47.70088663,50.09857112,51.04258574,51.561524,52.6903917,53.84407875,54.41998338,55.85860192,56.74608486,56.59515436,57.16153341,57.37885448
DEU,Germany,69.64468845,69.73750843,69.77310898,69.86118478,70.11955458,70.44207881,70.46665917,70.62641097,70.33118181,70.36629937,70.70250317,70.43820612,69.79158735,69.60130836,69.12956665,69.03406607,68.90080012,68.82649824,69.00567901,69.99111428,69.41159535,69.49681462,69.31393118
GHA,Ghana,42.07776718,42.12718822,42.21453643,42.35374511,42.54403917,42.46218369,42.07586386,41.87049938,42.67675598,42.49986723,42.85518909,43.61131457,44.0811607,44.42829746,44.97039922,44.93108554,45.6068653,45.55350441,46.66790015,45.12631972,45.11702042,44.82911564,45.0957149
GRC,Greece,53.45060439,53.6599312,54.19196725,54.59506905,54.88040779,55.29531274,55.68976067,55.98657579,56.00787603,56.24860874,56.52592645,57.27692734,56.98753124,56.81045991,56.79742087,56.85689534,56.66430534,55.93183011,57.23575744,58.44612391,58.66756012,58.56045064,58.56920468
GRD,Grenada,52.65347584,52.72217313,52.81835153,52.88014698,52.86191408,52.81464542,52.92672214,53.16092226,54.04827596,53.69274355,53.68802313,53.70657579,53.37652845,53.03844407,53.04399716,53.74267381,54.44251746,54.98046497,55.53875394,54.93290696,55.89900649,56.46446164,56.47144027
GTM,Guatemala,38.25478002,38.3092945,38.71074218,39.17269306,39.389373,39.47097993,39.37763929,39.31684809,39.18917578,39.93195499,39.71973831,40.07404221,40.58172723,40.885311,41.66312742,42.52821743,42.74244521,42.68729452,43.01096583,43.15713774,43.32420161,43.35490932,43.27977888
GIN,Guinea,33.24969305,33.21327389,33.64794193,34.03854426,33.29126678,32.30527211,32.64405076,33.73986723,33.56622863,33.43161057,33.39292777,32.92683214,32.43633816,32.62592983,32.89406339,32.61969282,33.69500917,34.28829544,34.96037559,35.85428295,36.8326433,37.05002208,36.83696043
GNB,Guinea-Bissau,30.91304032,29.61875195,29.33635798,28.70881975,30.7012276,31.4422016,32.38679245,31.89869449,32.17459428,31.89749949,31.63318694,32.18432502,31.92091751,31.589621,32.02221048,31.81383717,32.20044891,31.94045597,31.73296305,32.30899707,32.54297438,32.19265315,32.14502418
GUY,Guyana,42.17500335,42.25449901,42.52647762,42.69488093,42.32662323,41.99866763,41.78903325,41.61778542,41.68449687,40.93179497,40.37569612,40.46547607,41.09423119,41.56563332,41.0083136,41.25086523,41.47227626,41.38883609,41.71319414,41.75311232,41.80003701,42.52251963,42.40233851
HTI,Haiti,30.80913657,31.37208845,30.76734747,31.00905932,31.5301544,31.72685975,31.17838357,30.73447699,30.83198045,29.9572629,30.10036225,31.11018467,31.00964603,31.3054387,31.57973034,31.60823933,31.41334651,31.00751238,31.46598965,31.73970287,31.54546324,31.38738512,31.39566939
HND,Honduras,38.97885297,38.85778994,39.82080037,39.99165228,39.8885176,40.36961677,40.3609877,39.91629089,39.96738228,39.80803745,39.60640465,39.90540933,40.83247394,41.04011807,41.8184258,41.7696749,41.43450513,41.14877716,41.37163586,41.31841356,40.91234557,41.25148389,41.26349208
HUN,Hungary,57.27676164,56.83890295,56.96781584,57.271763,57.34718293,57.68801246,58.30746088,58.67122726,58.21972512,58.42616106,58.69691778,59.40162695,59.71371644,59.70953395,59.86962356,59.30502216,59.64433958,59.16022163,58.71837773,58.34603393,58.24395576,58.18280336,58.37433686
ISL,Iceland,66.20893988,66.06613104,66.92637791,68.63974216,68.89863953,70.60020273,70.64429593,72.34153992,72.3215088,72.94113027,71.93940868,71.76007703,72.7708716,71.98697476,71.14493068,70.1871829,70.18882581,69.49063484,69.18838449,70.86908635,69.91345669,69.29080498,69.34499409
IND,India,36.77074066,37.01020468,37.15565272,37.41148362,37.65468761,37.96248393,37.5972666,37.57073557,37.64795673,37.82594533,38.44762648,38.70941103,39.16308273,39.67259938,39.57516551,39.65236725,39.92482154,40.53217038,40.67239976,40.82720303,41.15859364,41.98941428,42.20431319
IDN,Indonesia,41.36531902,41.45189079,41.31971192,40.6872831,41.07356278,41.2010876,41.40965261,41.35289986,40.99838757,41.1733355,41.65855068,42.32132612,42.70933225,43.46946113,43.6632427,43.86467995,44.28554383,44.75236059,45.12147574,45.10659391,45.04024285,45.6309488,45.8504174
IRN,"Iran, Islamic Republic of",44.43554155,44.50697971,44.51356452,44.48480185,44.56405604,44.82096726,45.25515156,45.71941361,46.35719649,46.83188924,47.2990616,47.60723337,48.62627952,49.61710139,47.51954462,47.50201408,48.08154364,47.95270906,48.66294459,49.58897323,50.06043515,50.83836023,50.81300768
IRQ,Iraq,38.50942466,38.50342686,39.04821531,39.79050632,39.75430331,39.7808949,39.89271147,40.09285819,40.13821999,38.86490788,39.36442572,38.55214771,38.73943479,39.30144021,39.68668712,39.870291,40.17064279,39.89790103,39.96550435,40.06780166,39.82892775,39.59409286,39.83332139
IRL,Ireland,66.00066378,66.06818194,66.37219847,66.972541,67.22760822,67.60858129,67.6839388,67.77658098,67.50599612,66.98908811,67.5506287,68.58274084,68.63911847,68.24264817,67.8217065,67.03588891,66.05986587,65.45541744,65.40683103,65.15790054,65.47140036,64.86593061,64.73629493
ISR,Israel,61.71086985,61.67030128,61.86277378,61.84061581,61.9294366,62.03716238,61.36157764,61.25216987,61.24312919,61.62180621,61.58635811,61.66248666,62.4381362,62.28277897,61.45164976,61.87864955,61.83979519,61.59061053,61.26724479,61.03671428,61.33444157,61.61995083,61.14485274
ITA,Italy,59.89605882,59.89978424,59.93003214,59.92964459,60.17025902,60.94894067,61.02937141,61.07146257,61.03111494,61.01774053,61.48191817,61.74379136,61.53862521,61.07009065,60.8728932,60.63509954,60.53288637,60.1585668,60.01203481,60.47501451,60.66643036,60.68423209,60.6805448
JAM,Jamaica,45.30486545,45.57713662,45.86407724,45.81137859,45.70936233,45.05734827,44.0094834,45.62233781,45.64245144,45.81841198,45.77485462,46.26418674,46.32943213,46.40742197,46.45731568,46.48117401,47.01504914,46.98943142,47.44458892,47.66015719,47.88937458,48.74163533,48.68879688
JPN,Japan,63.40468367,63.55086946,63.67484172,63.75542748,64.06868849,64.4181781,64.30233897,64.17566524,64.92588764,65.32861138,65.49923093,65.98375127,66.09314634,65.81077723,65.6365623,65.52648712,65.35282976,65.65722006,65.81915646,65.53736988,65.26726403,64.98670642,65.11918854
JOR,Jordan,47.52601303,47.62779692,48.07317135,48.45183214,48.38828074,48.31556944,47.88309986,47.5005863,48.67063464,48.91251729,49.62521501,49.63301257,50.45878208,50.87050371,50.3031665,50.13757159,50.10227345,50.21640828,50.07521631,49.86444677,49.87211909,49.80775342,49.64035282
KAZ,Kazakhstan,47.92220169,48.07550049,48.84325888,49.38540849,49.40259536,49.59157673,50.67207677,50.9393273,51.76750919,51.74990202,52.4171734,52.46841906,53.36418647,53.49828085,54.63603121,54.70058369,54.95853919,56.52377358,56.56964197,56.99517238,56.83081397,57.26994379,57.63016143
KEN,Kenya,35.75823726,35.63972544,35.51452115,35.56679358,35.55943517,35.88197142,35.76995313,35.87296959,36.24399877,36.16535527,35.83346734,36.13065785,35.57761881,35.62829549,35.61197515,35.18961862,35.08929534,34.71478405,35.16228703,35.37352147,35.49816896,36.66975229,36.90206477
KIR,Kiribati,,,,,,,,,,,,,,,,,,,,,,,
PRK,"Korea, Democratic People's Repub",,,,,,,,,,,,,,,,,,,,,,,
KOR,"Korea, Republic of",59.93516929,60.25033855,61.04615591,60.96866006,61.86442813,62.68762543,63.40723742,63.76938109,63.87158263,64.28742903,64.84137949,64.71153776,65.65327343,65.45330544,65.72191429,66.04917866,66.04744236,66.54629862,67.11049908,67.17565322,66.96736673,67.16533142,67.27450424
KWT,Kuwait,49.20640442,49.51923727,49.61319704,49.64682593,49.75697599,49.8838017,50.09215017,50.33736722,50.67420083,50.75169583,50.46608132,50.43474471,50.70331873,50.80973396,50.78318179,51.11040079,50.74488291,50.31990621,50.56577785,50.38395863,49.73087988,49.86350218,50.32226933
KGZ,Kyrgyzstan,45.71086642,45.57315726,45.37381657,46.36597609,45.8585563,46.495177,46.80212854,47.08244435,46.70561197,45.68173489,45.16266858,44.94095028,46.52865668,46.74603897,47.87751898,49.16311379,49.73184568,49.29136168,49.80916057,49.970413,49.6394329,49.91661036,50.08776248
LAO,Lao People's Democratic Republic,34.12027663,33.29420198,32.60995865,33.40292812,32.63207785,31.93340676,33.34278084,33.55920007,32.87659739,33.33587695,33.9415862,34.5074425,35.50239714,35.5360498,35.98730068,35.82082585,36.78494444,37.58366924,38.20864297,38.90851689,39.37611757,39.61171545,39.40167969
LVA,Latvia,54.57859173,54.58155451,54.63606571,55.27648741,54.73926391,54.95786702,55.81901319,56.88965751,57.25852027,57.45220581,57.94271603,58.20216123,58.76487578,59.29506367,59.57032103,59.12717371,59.06901314,60.1440543,60.5317139,60.31567449,60.57386651,60.67548254,60.79428634
LBN,Lebanon,44.38737022,44.3804435,44.77845496,45.07295901,45.49903024,45.64265503,45.88212863,45.96786108,45.81075017,45.80265365,45.51808386,44.34376347,44.29151536,44.76896374,46.40022659,46.49613508,46.66249983,46.25345996,46.39705175,45.41493651,45.22505669,45.14251622,45.17225408
LSO,Lesotho,39.76816191,39.9194754,39.92055043,39.88382026,40.01639857,40.21512724,39.98880297,40.00535362,39.64758135,39.79944605,39.51593755,39.58917773,39.22955737,39.16502052,39.04332571,39.60529153,39.30182155,39.02619591,40.53989003,40.62077488,40.358776,40.12453463,40.08104353
LBR,Liberia,29.12940715,29.08775954,29.16873669,29.2451364,28.96408828,30.05531577,29.92860029,30.01982159,29.40518585,30.06491625,30.05709631,31.37252459,31.61537855,30.95073427,31.1752714,31.92153322,31.96993812,32.92052067,33.33577222,32.59953048,32.26339168,32.30810146,32.37564516
LBY,Libyan Arab Jamahiriya,43.07044067,43.13197094,43.14962071,43.23668322,43.76158749,44.02634529,44.52320987,45.04248178,45.98914781,46.54178597,46.68796442,46.47984523,47.56775022,48.26934398,47.64436067,46.49126412,43.94562396,43.90628695,42.90175785,41.12375456,40.94662791,40.67276329,40.80321614
LIE,Liechtenstein,,,,,,,,,,,,,,,,,,,,,,,
LTU,Lithuania,54.47617772,54.61368797,54.82928555,55.11381289,54.97772595,54.9826774,55.62061534,56.47672717,56.9262203,57.38211092,56.92791609,57.80746209,57.99634801,58.63576754,58.70793055,58.71900966,58.44378353,58.996334,59.11330331,60.11124341,61.05505829,61.2592591,61.07702593
LUX,Luxembourg,62.45391648,63.5732834,63.32820135,63.21118859,62.57531214,66.43273393,64.73736484,64.32604657,62.56468035,63.2091718,63.2476101,63.68146429,63.41658298,64.98990614,65.57597994,66.77120765,66.99713881,67.8891874,68.09615113,68.63665137,69.0176896,68.9612895,68.73807714
MKD,Macedonia,49.00642319,48.57382123,48.72753875,49.0430844,48.66388511,48.25877403,48.22475273,47.97322818,48.54119273,49.23263962,49.01990337,49.23846629,50.60824327,50.84842539,51.94340842,52.99816709,53.16107355,53.61540753,53.93687665,55.15609803,54.98858992,54.94920002,55.07703391
MDG,Madagascar,33.95363821,34.04793059,33.94154233,33.61809549,33.70367909,33.99082294,33.47886436,33.57087752,34.90196598,34.33027777,34.25121827,34.40033491,34.99929838,34.78405424,33.93930665,33.94878222,33.33271034,33.71510176,33.50714898,32.8995409,32.78669274,33.02244194,32.89343173
MWI,Malawi,34.96870177,35.11057233,35.10583646,35.40128267,35.52094992,35.83314099,35.52331533,35.49089911,36.20359606,36.53025678,36.79441134,36.89556863,36.75101448,36.58461345,36.65461701,36.62984596,36.74058911,36.53232411,36.23209527,35.62473849,35.66240826,35.59795815,35.68792985
MYS,Malaysia,53.54773929,53.78506525,53.49452664,53.48570152,53.6895246,53.99469711,54.50871278,55.12626339,55.63573657,55.83234721,55.80856002,55.53467043,55.18507432,55.06919451,55.79024265,56.5980581,56.4860353,57.88304597,58.33986794,58.60725066,58.00624304,57.45308925,57.29074939
MDV,Maldives,36.6025125,36.77454143,36.81891521,36.74264206,37.6915458,38.61919474,39.45535722,40.04230649,40.87551354,40.34406815,41.34138942,41.68040945,40.97845924,40.61380789,41.11862151,40.95043993,40.74754031,41.02439899,40.54048959,40.69222987,40.30923814,40.79237219,40.46214318
MLI,Mali,31.66227293,31.72092451,32.00041876,32.12266568,32.13563635,32.32750515,32.16257018,32.6204305,33.12632221,33.36552113,33.49125015,33.43373628,34.00723259,34.23200893,34.03202842,34.6037528,34.09914965,33.03164627,33.32425957,33.58801173,33.67981492,33.73108198,33.58149151
MLT,Malta,53.10678662,52.83234753,54.12461339,53.5809522,54.02997571,55.15113944,55.74680651,55.64504788,56.0498,55.44663192,55.82924526,55.88843769,56.30521371,56.63677531,56.52776038,57.00019536,56.85164656,57.52082971,57.39402049,57.161469,57.45740914,56.52046357,56.91798873
MHL,Marshall Islands,,,,,,,,,,,,,,,,,,,,,,,
MRT,Mauritania,35.21963881,35.5598755,35.53551872,35.47390019,35.34154925,35.309024,35.62058994,36.46784943,35.64762223,35.22466281,34.7493055,35.47264405,35.4249598,34.33411584,34.97811725,34.46126068,34.64947251,35.26330909,35.08454307,35.25619582,35.10564366,35.87282614,36.03459501
MUS,Mauritius,50.87591166,50.93619009,51.34995777,51.85179228,51.88131316,52.00089129,52.52308666,52.75679614,52.82120476,52.70481658,53.10117134,52.96493024,53.3228439,54.20863403,54.38625532,54.72022973,55.34489296,55.56915526,55.91815538,55.64684134,55.72795159,55.64340169,55.6129447
MEX,Mexico,46.50049746,46.58040664,46.92626304,47.33885705,47.63308101,48.05873915,48.50911167,48.96770849,49.02849471,49.07408476,48.57209857,48.91969697,49.59088138,49.44375684,49.29111256,49.58359188,49.77015736,49.52393375,49.7701625,50.35202758,50.67532572,50.89493687,50.66942027
FSM,"Micronesia, Federated States of",32.08729256,32.21133246,32.09218637,32.01461435,31.90581702,31.80077149,31.99256452,32.1698397,32.40074211,34.68527249,35.30500538,35.36042758,34.76024804,34.4108415,34.31908408,34.19403709,34.04527343,34.62625835,34.77273142,35.59298108,35.65195737,36.08538211,36.45196842
MDA,"Moldova, Republic of",46.64484973,46.62195539,46.86200053,46.77358607,46.1649857,44.8984921,45.41348941,45.75237488,46.74847723,47.02851159,47.86951265,47.79874091,48.39746946,48.30891403,47.10020586,48.2166809,48.84909662,48.97528368,49.19519649,49.45723341,50.28899571,50.15419562,50.46255158
MCO,Monaco,,,,,,,,,,,,,,,,,,,,,,,
MNG,Mongolia,46.68663249,46.93442608,47.49486645,46.93709079,46.52430476,46.00256308,46.78391065,48.11238561,48.64549474,48.35029174,48.35272559,48.46205549,48.82813296,48.74975491,49.47435253,50.50009356,50.51381861,50.95707587,52.05285621,52.61365408,52.36609691,52.7436303,52.72727216
MNE,Montenegro,50.49481271,50.51124123,50.52997888,50.55045359,50.69684502,50.83955874,50.83518075,50.81126159,50.25265067,50.21652987,50.49438566,50.44357932,50.79393919,51.86313614,52.80812082,53.45380125,53.39212888,54.4921637,54.41143338,53.97060873,54.16777226,53.82852197,53.84282854
MAR,Morocco,45.77450233,45.89079842,46.31914987,46.58046639,46.38422079,46.16986153,46.04819048,45.9436174,45.76621474,46.35911878,46.75902232,47.28725669,47.25476558,47.66354115,48.30277879,49.25266834,48.94995215,49.28456711,49.47895434,50.11387156,50.34833105,50.78091527,50.80799133
MOZ,Mozambique,34.22714903,34.27401718,34.50546088,34.9407036,35.02531924,35.18649134,35.40060101,35.38346144,35.16416078,35.22985369,35.45743665,36.18975293,36.02582601,37.04569076,36.99247202,37.02499065,37.16309428,36.66470879,36.15486543,36.00022616,36.20712316,35.32167627,35.39432393
MMR,Myanmar,28.25203477,28.38163025,28.45339081,28.49868351,28.57063734,28.72106426,29.02715889,29.17696302,29.38031098,29.24658523,29.83882768,29.7935313,29.7105958,29.87074439,29.74828386,29.89674232,30.62168963,31.69051299,31.88915612,32.26311197,33.02098694,34.86144769,34.76053018
NAM,Namibia,45.54754883,45.67566964,45.51814639,45.44162984,45.22354622,44.98710109,45.15466017,45.32472729,45.55573429,45.06471156,44.7887461,44.85571768,45.03850726,45.52202567,45.11749462,44.67935647,45.23029422,45.68768985,45.56104726,45.39554768,45.67130802,46.06934488,45.89768272
NRU,Nauru,,,,,,,,,,,,,,,,,,,,,,,
NPL,Nepal,38.23700741,38.11317963,37.97188475,37.22882902,37.15243024,37.10289235,37.07268411,37.0143323,37.48115237,36.56001777,37.24647353,37.87217936,37.77628645,37.73881676,38.18254057,38.79828066,39.04703126,39.30866956,39.86570397,40.71590853,39.80359141,39.54897959,39.89387133
NLD,Netherlands,64.41751267,64.73381252,64.94742456,65.28681278,65.86893437,66.0612826,65.30678676,65.06929944,64.9772317,64.94081075,65.08633131,65.16815788,65.43918515,65.95135725,65.92672668,65.79799875,66.37669399,66.02388985,66.29065398,66.9063072,66.49283344,66.48911675,66.47328416
NZL,New Zealand,69.99795776,70.11462891,70.38373164,70.84170668,71.03136644,71.12482365,71.46916756,71.81193182,72.24894404,72.74009684,72.45713198,72.92851207,73.21557817,73.30908797,73.54953627,73.50060053,73.57842167,73.28692351,73.12439034,73.26194672,73.50412143,73.5365545,73.49181076
NIC,Nicaragua,38.69179466,39.0800501,39.38563545,39.65517478,39.92669469,40.21598067,40.61678642,41.19162327,41.24872808,41.40402949,41.65967358,41.73122859,41.73843849,41.69884558,41.36701115,41.3270266,41.44573531,42.02031188,42.59387829,42.29495134,42.56532438,42.63200645,42.55060018
NER,Niger,26.80242986,26.96244218,26.8103812,26.75093592,26.89741425,27.01933652,27.5393181,27.61192361,28.08917978,27.83065344,27.31663499,28.16306924,29.08856127,29.6884601,29.61069966,29.64604031,30.39084876,30.23110499,30.56735777,30.44567392,30.82042226,30.99845218,30.95230583
NGA,Nigeria,35.26270234,35.36697514,35.69174492,35.36902107,35.25365566,35.08081317,35.31398877,34.92761125,35.41768846,35.40667185,36.35982432,36.38037892,37.12132067,37.30415964,37.0258561,36.32148312,36.56762986,36.13917498,35.93773723,36.5340394,37.49176345,37.55286345,37.63573334
NOR,Norway,74.10268474,74.41877253,74.71170796,74.8651834,75.12343644,75.22810537,75.44872771,75.71396906,75.68959015,75.77759456,75.98696385,76.00833503,75.75004867,75.59403889,76.12829691,76.0504019,75.81226791,75.08627125,75.78982373,75.80853163,75.88622856,75.98235678,76.05151675
OMN,Oman,48.17053637,48.33221538,48.50296512,48.73415783,49.1210929,49.47751428,50.01033016,50.53932773,50.55899443,50.99449389,50.74621329,51.03920739,51.63963486,51.97269832,52.15361071,52.2458396,52.39315309,53.11231945,53.75078411,54.20014687,54.477514,54.88581133,54.72535308
PAK,Pakistan,37.86256943,37.97739537,37.99907296,38.03638967,38.19202658,38.28049349,38.20946439,38.15477035,38.31200253,38.0656759,38.2849637,38.95819043,38.9239466,38.37449375,38.11425252,38.05845437,38.02749636,38.39565856,38.42046531,38.97343792,38.81789959,38.68755981,38.96454842
PLW,Palau,,,,,,,,,,,,,,,,,,,,,,,
PAN,Panama,47.77272792,48.07911005,48.48532847,48.86639099,48.88676136,48.77332986,48.9614911,49.20535333,49.04705941,49.18057929,48.90341046,49.12262368,49.28483613,49.70443566,49.8570043,49.54104492,49.8511086,49.27847153,49.51927842,49.92493088,50.51210497,50.85500847,50.81417778
PNG,Papua New Guinea,38.10677143,38.08201051,36.83179972,37.41717136,37.08016173,36.972635,37.20017476,36.77083562,36.50610905,36.39149609,35.69212425,36.33302672,35.93276548,35.83176257,35.47148418,35.25670087,35.48688274,35.01182529,35.25468849,35.3737775,34.91954986,35.30229018,35.17092772
PRY,Paraguay,42.04231829,42.23634767,42.11444522,41.9729437,41.84475157,42.06548005,42.20108202,42.6290372,43.14665537,43.75796609,44.09781341,44.79873511,45.12035209,46.35254697,46.33029586,46.12936464,46.52442656,46.50895226,46.72787357,46.82328311,47.12214593,47.37531603,47.55374967
PER,Peru,45.51778453,45.59537725,45.98394968,45.1063121,45.14761771,45.08642268,45.15473634,45.26694573,45.59936331,45.96774311,45.84126796,46.41348673,47.27532195,47.61073519,47.42686388,48.33857972,49.44423871,49.81911578,50.43587232,50.37505566,50.58792498,51.00479663,50.80355425
PHL,Philippines,41.0881107,41.15018493,41.41358277,41.66480431,40.98266504,40.36193307,40.69547043,41.08599241,40.53403,40.21043454,41.02019936,40.66714188,40.82527622,40.88662792,41.14506882,41.20413367,41.81599303,42.51272897,43.07508121,43.74021503,43.44108265,43.05275345,43.14913099
POL,Poland,56.77656392,56.91885213,57.198013,57.31622348,57.18052925,57.20441807,57.38109432,57.78109114,57.54275695,57.20646355,57.79593524,57.98512112,58.78304589,59.48122016,59.78116784,60.8290457,61.62641388,62.01650333,62.52810622,63.33102144,63.66228778,63.31834999,63.11863626
PRT,Portugal,56.18479502,56.40509779,56.54968835,56.8960377,56.98046503,57.13565032,57.6225307,58.09652115,58.09408771,57.9457351,58.13217445,57.89765692,58.86828755,59.73360136,59.81602989,59.86524831,60.4052371,61.1443621,61.37359034,61.61780675,62.0402557,61.45983145,61.62107414
QAT,Qatar,50.42572884,50.62334522,51.31736401,51.95629704,52.15303574,52.24288401,52.078203,51.96038197,51.86651486,51.60042113,51.84262561,52.40855706,52.35709334,53.27494266,54.22548519,54.10864477,53.45929636,54.13760742,54.56142351,53.71096497,53.7008081,53.69338813,53.02438657
ROU,Romania,45.48523338,45.79406741,45.7556119,45.38904513,45.22482209,45.31368594,45.79382882,46.478525,46.20679084,46.65398929,47.28298738,48.00447766,50.28598481,51.32222708,51.65811596,53.23369681,52.80529631,51.59280188,51.82818821,52.58386528,52.801848,52.7566336,52.80160196
RUS,Russian Federation,49.14723729,49.23483928,49.18094923,49.66160876,50.19258387,50.57844033,51.64628057,52.64345842,52.95139208,52.64822281,53.69177785,54.27184241,54.06314835,54.47496887,53.95259156,54.82842909,54.39006127,54.98184565,55.68789127,57.33067583,58.36181755,58.76364452,58.88722809
RWA,Rwanda,31.41989069,31.21768066,30.83119757,30.40395037,30.66935063,30.96751874,31.46453508,32.02794266,32.60542768,32.79695161,32.51051531,33.84588225,34.46572459,35.15428357,36.14320717,39.87199813,40.36742141,40.49465798,41.19131014,42.01824244,41.90936532,42.4941536,42.60433248
KNA,Saint Kitts and Nevis,56.60342003,56.68692011,56.45532046,56.24229532,56.49436622,56.67196783,56.84406701,56.88374548,56.78043346,57.18565668,59.69522036,59.3179695,58.48190656,58.1334743,58.06077602,57.74420494,57.42292004,56.60437927,56.21930466,52.63716913,53.41365634,53.36271625,53.63260815
LCA,Saint Lucia,53.11218928,53.16820293,52.80869744,52.40484623,53.05662381,53.71635733,53.26596645,52.91844226,53.85235419,53.80667365,55.36553118,55.01622288,54.41126149,54.89917374,55.08573922,54.58345914,54.73520633,53.23514193,53.65494596,52.56505155,52.84808621,52.93084238,53.129928
VCT,Saint Vincent and the Grenadines,56.72771243,56.83523396,56.74963563,56.69150154,57.11466532,57.56165618,57.44750169,57.26514603,57.50269763,57.88829479,60.45449784,59.8540135,58.64343217,58.85568711,58.72748892,58.31782266,58.45648658,58.20026287,57.93831086,56.12449604,56.17393514,55.85842422,55.80727176
WSM,Samoa,45.76591883,45.78760732,45.76244034,45.29095288,45.80175468,45.70242169,45.82553485,45.65290228,46.08514042,45.64741422,45.93132885,45.73587987,45.86378561,45.84615987,45.48469096,45.7904224,46.16568629,46.90013055,46.34289555,45.978267,45.9837954,46.0311742,46.49880528
SMR,San Marino,,,,,,,,,,,,,,,,,,,,,,,
STP,Sao Tome and Principe,39.76645264,39.84030035,39.34014189,38.98160837,39.44449946,39.92737996,39.6928805,39.47488994,39.2039302,39.39357903,39.16334632,39.62823759,39.54002173,39.62734606,39.83311249,40.20862098,40.27315159,41.56037945,41.68264808,41.78939156,42.20360354,42.16933069,42.36760546
SAU,Saudi Arabia,47.36138431,47.50134273,47.68285575,47.81175251,48.12367363,48.32519729,48.68065518,49.03119238,49.31153212,48.6969792,49.49106828,49.68204554,50.07742573,51.63035209,52.17015125,52.0567339,52.1776498,53.34283828,53.99473585,53.33871081,53.36574058,54.50863311,54.28599399
SEN,Senegal,34.92705447,34.83047551,34.89454617,34.87231789,34.89818361,35.53788123,35.65341571,35.88166685,35.7586415,35.91186358,35.91148721,35.3936137,35.86056377,35.73300046,37.47936302,37.0404789,37.37026701,38.04532492,38.01760211,38.71100886,39.19942844,39.81559699,39.85717027
SRB,Serbia,45.09107814,44.99777097,44.51616944,44.06315826,44.29167062,44.39736983,45.13221784,45.9099274,46.23828846,46.57918568,45.92154935,48.10071481,49.16701568,49.34087415,49.35501524,49.77290211,49.91452626,50.1726241,51.00756729,52.10554392,51.5000312,51.32591742,51.35089091
SYC,Seychelles,47.93045139,48.3720495,48.16898593,47.68950415,47.82697044,47.93640145,47.89919822,47.85212177,48.21819613,47.48067129,48.16763792,47.67872909,47.54480384,47.80491248,47.23352313,47.33498851,47.44308061,47.44109184,48.08989974,47.26667628,48.23301744,48.52138651,48.41674491
SLE,Sierra Leone,32.99266431,33.01325612,32.77640327,32.8728791,32.82960589,32.72769876,33.46105252,33.92688971,33.99054871,34.5245436,34.28682243,34.38487757,34.85329369,34.598432,34.75121102,36.05205976,36.08930496,37.40079474,36.82095816,36.96176353,37.17871068,37.41756761,37.78217594
SGP,Singapore,62.32449901,62.9147425,63.44504679,63.65487208,64.30988599,65.5433691,65.7053387,66.46441668,66.37658649,66.86875703,66.30366449,66.61162259,67.10078067,67.39195068,66.51751256,67.15198775,67.78883972,68.08369722,68.52124625,69.31901849,69.23192521,69.2715836,69.30494746
SVK,Slovakia,53.84659817,53.67766562,53.88094816,54.02530767,54.15323631,54.50498242,54.87961457,55.60863981,56.01621369,56.42862909,57.07154361,58.45189451,58.7712822,58.68843384,58.8214763,58.53786499,58.49184973,58.02675108,58.19727453,58.59452562,57.94711257,58.13673051,58.11110264
SVN,Slovenia,59.94687168,59.84822881,59.9261309,60.94621691,60.50360964,60.65702646,61.10555856,61.42997565,61.50524382,62.10510552,62.87198643,62.69382944,63.00673028,62.67097089,63.72521981,64.38592888,65.11152931,65.25950811,65.31121909,65.52581994,65.33886628,65.634831,65.46533429
SLB,Solomon Islands,39.04190012,39.45612268,39.32980033,39.11825862,37.4634109,34.61555745,33.20036843,32.83802633,33.08624807,34.43302018,35.52212121,35.10177808,34.440352,34.93530878,34.68292647,35.05064819,35.94817367,36.06077002,36.88682388,36.40869387,37.59473822,37.4061125,38.09965738
SOM,Somalia,20.30145075,20.32286384,20.39544666,20.48388544,20.38498486,20.29353544,21.57162573,22.85599483,20.54976874,18.49445937,19.91273436,18.44605674,17.14673052,15.92866642,16.90163743,17.76592063,18.21082504,19.11658399,19.51001464,20.24305977,20.75116906,20.20520124,20.26734479
ZAF,South Africa,49.21678949,49.03717368,49.09218454,48.97572497,49.22502215,49.71967002,49.62112358,49.70946676,49.81196449,50.01339805,50.25734766,50.41772983,50.0110427,49.99603928,49.94734509,49.90291899,49.96753098,49.95553322,50.42843288,50.0280434,49.75504874,50.53892847,50.25287332
ESP,Spain,60.55430263,60.82757945,61.12347443,61.41225838,61.92316036,62.53863261,62.49925855,62.61824166,62.65254407,62.55127393,62.84072558,62.61390561,62.57782542,62.48551273,62.0098915,62.06929146,62.17056796,62.19289049,61.96794001,62.17381861,62.28148889,62.74824767,62.63351976
LKA,Sri Lanka,43.4458532,43.44617981,43.59034192,43.81265849,43.86429375,43.73401336,44.05781303,44.84463097,44.51823998,44.31901512,43.75569065,43.86810396,43.50349927,43.4247096,43.92279528,43.70754487,43.86008262,44.39904053,45.14115295,45.31200838,46.19867391,46.4943673,46.28042328
SDN,Sudan,29.82130142,29.77733437,29.95448751,30.18161433,30.2946868,30.39239248,30.82745203,31.16077028,30.67739902,31.30109816,30.7199919,31.31029369,31.37597224,31.21770794,31.36796378,30.82055704,30.80656866,30.29939502,30.35293626,30.18462318,29.99313911,30.10787828,30.42111026
SUR,Suriname,43.97077885,43.57543783,44.47841686,44.63156575,44.67021331,44.91662666,44.78803788,45.36541986,45.61269501,45.19658046,45.25907492,44.82711903,45.25425602,45.084285,45.18410292,44.40515189,44.8396133,44.64210567,44.99910344,44.94196724,45.01122008,44.85648217,45.039661
SWZ,Swaziland,41.88926168,41.9335516,41.94710895,40.67184352,41.13662829,41.33474078,41.78867786,42.07388241,41.61916198,40.81383027,41.09862308,41.36054738,41.4079582,41.20224457,40.85982896,40.10771012,40.25817663,40.18209538,40.94965648,40.27344435,40.12800959,39.71667401,40.23475942
SWE,Sweden,68.74347843,68.91025693,69.18342798,69.40049835,70.02620603,70.31084147,70.7040281,71.25360269,71.52878416,71.7204447,71.42835855,71.66034402,72.05525539,71.76339666,71.59495949,71.85353183,72.27288324,72.3303028,71.84536439,71.21285371,71.35406432,71.48520761,71.33857043
CHE,Switzerland,70.05637365,70.14303508,70.4286493,70.77314458,71.15943659,71.53742633,71.68664896,71.83416167,71.69996893,71.70365329,71.58751423,71.82800726,71.96041068,71.43670894,71.21831265,70.9619981,70.76204003,70.61674511,70.75326433,70.9703516,71.16607518,70.97908666,70.89610309
SYR,Syrian Arab Republic,42.20629209,42.26457484,42.39858876,42.52295698,42.61234931,42.80648626,43.009353,43.59978421,43.2660348,42.84420939,42.57268243,42.00301186,42.03225459,41.83444076,42.94681791,42.76963764,41.85090087,40.5041861,39.67069355,40.07137434,39.555735,38.94059227,38.96968992
TJK,Tajikistan,34.96856485,35.97047077,36.20040394,36.46708401,35.8910089,37.09278708,36.64194808,37.8641868,37.84423953,38.10643086,38.10871026,38.64215219,38.55165209,38.87231102,39.23867765,39.79938209,40.45361735,40.18848007,40.82751042,41.79781971,42.3601123,42.85014345,42.67417813
TZA,"Tanzania, United Republic of",37.5767558,37.63767689,37.36542616,37.35319452,36.8201303,36.86115102,37.52554822,37.91586495,36.77436848,37.40109243,37.30459483,37.70410404,37.82514805,37.78131614,37.87056958,37.56987313,37.76415448,37.57826274,37.92912206,36.69660983,36.74576152,37.27631473,37.04061433
THA,Thailand,50.26803296,50.34689348,50.73302146,51.26298992,51.53434038,51.70928163,51.80327821,51.8830874,51.82115058,51.40158229,51.80280167,51.35234849,51.37234849,51.59443541,52.77947749,52.66253826,52.68120273,52.8195987,53.0238427,53.21689659,52.95825357,53.16068321,53.42165147
TLS,Timor-Leste,35.93781259,35.89946652,35.87362945,35.85937973,35.84566626,35.85519803,36.00803645,36.04662685,36.27527858,35.96377864,36.07735831,36.27035704,36.42847128,37.04537649,37.96480445,38.7096413,39.38002614,39.72362612,40.12450347,40.63731824,41.08687034,41.11304968,41.13641786
TGO,Togo,35.84716226,35.85850881,35.66620654,35.7175757,35.78033724,36.00413716,35.93757434,35.99038933,35.94850383,34.81092825,34.07634256,35.13898702,35.8164786,35.89319873,35.68320821,35.9947184,35.59090458,35.89566317,36.71704784,36.92426913,37.53087281,38.36523743,37.9301832
TON,Tonga,40.21935804,40.35557831,40.12897311,39.7328559,39.04501167,39.09382345,38.30258956,38.16078545,38.03534481,38.96372674,38.74886238,38.56059039,38.85895593,39.06457301,40.21204922,41.09400333,41.07438088,41.06021627,40.9347052,40.94721103,40.70094941,40.90935621,41.16630764
TTO,Trinidad and Tobago,49.70284248,49.3624703,49.61658218,49.32474013,49.16825529,48.92232289,49.01221193,49.08991244,49.36024227,49.52525284,49.54927632,49.3696238,49.20868274,49.43823169,49.17898618,49.02269296,49.05531901,49.1695512,49.10971708,48.74224454,49.06818449,48.63461563,48.56528353
TUN,Tunisia,46.98976001,47.15842869,47.40215661,47.47770559,47.77239771,48.05869967,48.36796813,48.77487123,49.10398937,49.34900985,49.34395448,50.00825944,49.67084326,50.016865,50.41404298,50.97217594,51.18450955,50.79856612,50.13233776,49.90475858,49.61274192,49.40351496,49.66624297
TUR,Turkey,49.35086979,49.57270607,49.86104406,50.10467346,50.48723245,50.85868314,50.82647885,50.84640797,51.51101182,51.74760667,53.06175893,53.59743964,54.03949407,54.68063588,54.70857865,55.24747411,55.63860209,55.98556853,56.45995494,57.18313751,57.17673304,56.5553103,56.64876149
TKM,Turkmenistan,41.2979722,41.25419354,40.86888314,40.16640713,40.35397883,40.2823992,40.20174252,40.11466169,40.23628691,39.24939747,39.64553013,38.80128521,39.63666864,40.31103834,40.4422482,40.37185912,40.3387233,40.76227548,40.65211088,40.66929895,40.48944031,40.08866253,40.29827773
TUV,Tuvalu,,,,,,,,,,,,,,,,,,,,,,,
UGA,Uganda,35.32864498,35.19985457,34.90636043,34.55316599,34.18521266,34.03607425,34.23642743,34.53893433,34.99709616,34.53492529,34.22781693,34.8321265,34.84868845,34.4749291,34.29714535,34.42446958,34.87505636,34.4452436,34.39971324,34.68050355,34.85954141,35.6602701,35.78111717
UKR,Ukraine,44.74131022,44.62326487,45.00400215,45.30357141,45.67791837,45.85766792,46.9320609,45.26552664,45.74721254,47.02661332,47.61394022,48.45392901,49.079803,49.07471324,48.34012072,48.88610299,49.35575932,49.44479735,49.88287861,50.79160508,51.22401851,51.94668012,52.05841329
ARE,United Arab Emirates,51.83820826,51.88625841,52.03344112,52.1987205,52.5547456,52.99446527,53.90474439,54.70432221,54.07248642,53.92653556,53.53109731,54.48047956,54.65595507,54.45315956,54.81552885,55.33844517,56.07747949,56.31005469,57.2961305,57.77400482,58.49137057,58.80211708,58.8923839
GBR,United Kingdom,70.07862558,70.21445692,70.49867967,70.67911574,70.91556149,70.82971225,70.6257144,70.71027737,70.43578548,70.29276858,70.00933147,70.48260868,70.21469353,69.90213749,69.40336923,69.54968946,69.34157233,68.68666894,68.79176289,69.27638758,69.62678846,69.31008098,69.12971137
USA,United States,68.31024502,68.40014198,68.41953187,68.52034339,68.82697206,69.15968233,69.08214233,69.01646362,68.85899835,68.65440723,68.72503141,69.10265718,68.89247458,69.05096353,68.84378408,68.83518373,68.74145531,68.79502857,68.40227999,67.99020773,67.9570402,67.86375297,67.91834267
URY,Uruguay,49.7689257,49.69007035,49.94122927,50.07539544,49.9226158,50.02038564,50.04260845,49.91452033,50.09708735,49.56940331,50.26028682,51.33312828,52.11416671,52.08989226,52.74657749,52.84618265,53.12832501,53.82305451,54.41337347,54.72555925,54.38557596,54.22799287,54.35877326
UZB,Uzbekistan,40.479986,40.4053329,40.17126211,39.75379983,38.78099187,40.06588853,40.66239737,41.40126934,41.31815993,40.67271727,40.09292178,41.20169101,41.89193139,42.35843057,42.33500564,42.36647747,42.26402506,42.7996297,43.37537367,44.98982144,45.7026864,46.87815266,47.21977717
VUT,Vanuatu,35.16403451,37.12893712,37.11881026,36.52441828,35.18799798,37.1876045,36.19383241,36.55968541,35.87027724,36.37044491,39.75770368,38.34802762,38.32185627,38.29108482,38.61121071,38.18821364,38.69937594,39.08012971,38.90118635,39.16111439,38.33571776,38.96709808,39.31975858
VEN,"Venezuela, Bolivarian Republic of",44.2024213,44.15812166,44.1770391,44.23828882,44.22008602,44.17986977,43.89668235,43.35828641,43.1780845,43.19050082,43.64104488,44.2007033,43.20733012,43.1023127,42.73831903,42.63125954,43.02536693,42.80738803,42.90568185,43.01812116,42.75925232,42.24482108,42.11449128
VNM,Viet Nam,40.45122,40.72221961,40.60879299,40.9259349,41.0724897,41.48092722,41.44822543,41.36018955,41.48982172,41.65465926,42.65191863,42.76555632,42.90817487,43.61190283,43.63662793,43.34659837,43.95512524,44.09849618,44.40023612,45.14814199,45.33951805,46.57445926,46.57621969
YEM,Yemen,36.13270676,36.21232812,36.16289387,36.20108102,36.23050097,36.12823937,36.06122928,36.13450405,36.64948786,36.31012393,36.71150543,36.82243261,36.81162382,36.46242327,36.88716767,37.10113424,36.65812961,36.93253788,35.72055738,34.7431556,34.33979043,33.56532346,33.47076562
ZMB,Zambia,37.50818919,37.29264005,37.3193604,37.58237391,38.23537781,37.89862278,38.13880397,37.46789733,38.20104311,37.54381743,37.31542033,37.75027434,37.49633299,38.16514415,37.7080472,37.49513506,37.94109342,38.20196398,38.70646088,38.59092967,38.79869053,38.7887873,38.64565322
ZWE,Zimbabwe,37.28326288,37.18235448,37.08952103,36.97989779,35.83636441,34.7049725,33.94798509,33.1844506,33.22571172,32.85123279,32.50938136,33.02123049,32.49688699,31.79402301,31.47690754,32.03114795,32.02972792,32.4173802,32.51960565,32.73351507,33.14304955,33.09397391,33.08985598